tag,count
GGGGGGGGGGGGGGGGGGGGGGGGGGGGGGGGGGGGGGGGGGGGGGGGGGGGGGGGGGGGGGGGGGGGGGGGGGGGGGGGGGGGGGGGGGG,8540
CGTGCTAGGCCATCGTGGATGAGGGCAGTCTTCAGAACCTCTTGTAAAGCAGTATTAACGTCCATTACACCTCCAGCAGCAATGCCTTCCT,3277
CGGGGGGGGGGGGGGGGGGGGGGGGGGGGGGGGGGGGGGGGGGGGGGGGGGGGGGGGGGGGGGGGGGGGGGGGGGGGGGGGGGGGGGGGGG,2251
CGCGCACCTGCGTGCACTGTCCCTGAGAACCGGTCCTGCCCAGGACCTTGGTGACCCTGGCCAGCTTGATAGGCTGCACACGGCTGGTGTC,609
GGGGGGGGGGGGGGGGGGGGGGGGGGGGGGGGGGGGGGGGGGGGGGGGGGGGGGGGGGGGGGGGTGGGGGGGGGGGGGGGGGGGGGGGGGG,466
GATCGGAAGAGCGTCGTGTAGGGAAAGAGTGTTTATTGCCTAGTGTAGATCTCGGTGGTCGCCGTATCATTAAAAAAGGGGGGGGGGGGGG,293
GGGGGGGGGGGGGGGGGGGGGGGGGGGGGGGGGGGGGGGGGGGGGGGGGGGGGGGGTGGGGGGGGGGGGGGGGGGGGGGGGGGGGGGGGGG,277
CGGAGATCGGAAGAGCGTCGTGTAGGGAAAGAGTGTTTATTGCCTAGTGTAGATCTCGGTGGTCGCCGTATCATTAAAAAAGGGGGGGGGG,230
GGGGGGGGGGGGGGGGGGGGGGGGGGGGGGGGGGGGGGGGGGGGGGGGGGGGGGGGTGGGGGGGTGGGGGGGGGGGGGGGGGGGGGGGGGG,203
GGGGGGGGGGGGGGGGGGGGGGGGGGGGGNGGGGGGGGGGGGGGGGGGGGGGGGGGGGGGGGGGGGGGGGGGGGGGGGGGGGGGGGGGGGG,185
GGGGGGGGGGGGGGGGGGGGGGGGGGGGGGGGGGGGGGGGGGGGGGGGGGGGGGGGGGGGGGGGGGGGGGGGGGGGGGGGGGGNGGGGGGG,147
CCTCGGTCACATCTTCCAGGCTGTACCATGAGGTGCAGTAGAAAAAACAAACGCAATTCGTTTCATCAGAACTGTACCACCCTGTCCCCAT,124
TCGAGCCACTGCACCTCCCGGACATCCCAAGCGAGAATCATACCTCTAGACCACACGCCCCCCATATAAGAAAACCCCTGATAGTTCATGG,123
GGGGGGGGGGGGGGGGGGGGGGGGGTGGGGGGGGGGGGGGGGGGGGGGGGGGGGGGGGGGGGGGGGGGGGGGGGGGGGGGGGGGGGGGGGG,117
ATATGGCACTCGGCCCTTTGTTACTTACGATACCTGAGCTTGAATCAGGGCCTTAGACCGCTCGGCCCCATATAAGAAATACTCCACGAAT,111
GAAGATCGGAAGAGCGTCGTGTAGGGAAAGAGTGTTTATTGCCTAGTGTAGATCTCGGTGGTCGCCGTATCATTAAAAAAGGGGGGGGGGG,104
CCATGTCTACGTTAAGCCCATATAAGAAAATGCCAGACCTGCCGCAGACCCATATAAGAAACAGCTGGGACTGCCGCAGAGGGAGTTAGAT,103
AAAAGGGCGACAACCCGGCCCCAGTGAGGGGTGAACTCACGATCTTGCGATTAACAGTCGCAAGCCTTAACCAACTTGGCCATGGAGTCCC,97
ACGCAGGAGTTTCATCGGCAGGTGTGTACTAACCACTATACTAAGATGGCCCCCATATAAGAAACTTAGCGTGTGCGGTTTCTGCGTCCAA,95
GAACTGGTTCCAGACCCAGCTCCTTTTCGATCGGCCGAGGGCAACGGAGGCCCCCATATAAGAAAGCACAATGGCAGATTCGACACACGCC,95
TCCGCGGGAAGCGGTGCACCTTGATAGATATGGCCGCAACCCCCATATAAGAAATTAGATCCCCGCGATTCCTTCCTAAGAGATCGGAAGA,94
CGCGCTGGTAGTTCGAACCCGAGGTCCCCACCTTGGAAGGGTGGGATGATAACCACTACACTAACCGCCCCCCATATAAGAAAAACAAGTG,92
GGGGGGGGGGGGGGGGGGGGGGGGGGGGGGGGGGGGGGGGGGGGGGGGGGGGGGGGGGGGGGGGGGGGGGGGGGGGGGGGGGGGNGGGGGG,91
TCAGTCAGTCCTTTAATGCTTCCCCGCCAGGACATGAACCTGGAATCTTCTGGTTCGCAGCCAGAAGCCGTGACCCCCATATAAGAAATCT,90
GCGGCACCTGCAGACCCGCAGTCTTGAACCAGCGCGGGCAGAGCCCAACCCCATATAAGAAATGACGGGTTTAGTGCCGACACCCGCAGAT,82
GCCCGCAAAGCTGCGCCGCTCGGCTAAACAACCCCATATAAGAAACGAAGTTAGATGAGGGTGATAGGTGGAGATCGGAAGAGCGTCGTGT,82
AGATAATTTGATCCATAGTCCCCATATACCCAGGTCGGACGACCCCCATATAAGAAACCCTGTAACCCCAAGGCACTGGGACAAGATCGGA,82
GGCCGCAGCCGATTGTCATAGCCTTAACCAACTTGGCCCCCATATAAGAAACAACTCGAGGTCCAATTACATCGCGCAGATCGGAAGAGCG,80
ATCCATGACTGGTTATGTGTGGTCTCTAGCGGGAACGAACCGCTGATCCCCGCGTTATCAGCACGGTGCCTTGCCCATATAAGAAAATGTA,80
CCACCAGGGTTTCATACTGGCACCTCGATGTGTACTAACCACTATACTAAGATGGCCCCATATAAGAAATCTAACTCTGTCGCTCATGGTG,76
GGACAACCTTGTCTTTCGCTCGGCCAACCCTCCCCCATATAAGAAAAAAATGCCTAGCCAACGTGCTGGCGTAGATCGGAAGAGCGTCGTG,75
CTGAAACAACAAGCGGCCCAGTTCTGACCATTAAACTATCACGGACCCATATAAGAAAAAAGCTGGGAGGTCCGATGCCTACAAAGATCGG,75
ACATGTCTACGTTAAGCCCATATAAGAAAGGATGCGACACCCATATAAGAAAGGGTGTCGCAGTCGAGCTGCTGAGTTAGATCGGAAGAGC,73
CAGGGCCTTCCAGCTCTCTCTGGTCTCCCAACTGAGCTAAGTCCGCCCCATATAAGAAAATGACAAATACACTGCGGAGTGTGAGAGATCG,72
GATCGGAAGAGCGTCGTGTAGGGAAAGAGTGTTTATTGCCTAGTGTAGATCTCGGTGGTCGCCGTATCATTAAAAAATGGGGGGGGGGGGG,71
ATGTGCCCCCTCTTGCCCCCACGCTCGGCCATAGTGCCCCCATATAAGAAAACACGGGACGCCCTGGAGAGGAGTACAGATCGGAAGAGCG,70
CCGCACGGGCGCTTCCTCCTCTGGTTCGCAGCCAGAAGCCGTGACCCCCATATAAGAAACAGAGTTAATTCTTTGCCTTGACACTAGATCG,69
ACCCTTCACCGTGTTCGAAACCCTTGGTCCGCACCCCCATATAAGAAACGACTTGCGGCTGTCACTGGTTAGTCAGATCGGAAGAGCGTCG,69
ATGTCTACGTTAAGCCCATATAAGAAAATCCCATGCCCACGTGGTGCCCATATAAGAAATATCTGCACGCACGTGGTGCTCGCGAAGATCG,68
AGGCCATTGGCTTCCCCCTCTTTCTGGTTCGCAGCCAGAAGCCGTGACCCCCATATAAGAAACACATTTCGGATGCACTGATGGTAGGAGA,68
CAGGTGCTCCACGGGGATGGGAAAACTCTCGACCTTCAGATTATGAGACTGAAGCTCTTCCTACTGAGCTACTGAAGCCCCATATAAGAAA,68
CGTGCTAGGCCATCGTGGATGAGGGCAGTCTTCAGAACCTCTTGTAAAGCAGTATTAACGTCCATTACACCTCCAGCAGCAATNCCTTCCT,68
CATGTCTACGTAAGCCCATATAAGAAAATCGGAGTCGGGTCTGTCTACGTCCGAGACGTCCGAGTGACGTCCGAGATCGGAAGAGCGTCGT,67
CCATGTCTACGTTAAGCCCATATAAGAAACTTGGCGCGTGCCCATATAAGAAATGAGCACGCGGGTTATGTGACTTCAGAGATCGGAAGAG,66
GGTTCGCTCGTCTCAGGCGGGTCTTGAACCACTGGACCATTGGACCCCCATATAAGAAACCATCGTATGTGCTGGCGAATAGGAAAGATCG,65
GGGGGGGGGGGGGGGGGGGGGGGGGGGGGGGGGGGGGGGGGGGGGGGGGGGGGGGGGGGGGCGGGGGGGGGGGGGGGGGGGGGGGGGGGGG,64
GGACAACCTTGTCTTTCGCTCGGCCAAACAACCCCCATATAAGAAAAATCAAGACTGGTGCGTACGCCGTCAAGATCGGAAGAGCGTCGTG,62
AGCTAACATACAGATCGGAAGAGCACACGTCTGAACTCCAGCCCATATAAGAAATTGAGCTAGAGTTACATCTCAGAACGAGATCGGAAGA,58
CATGTCTTACGTTAAGCCCATATAAGAAATGAAGGTGAGGATAGGGTGCTTTAGGAGATCGGAAGAGCGTCGTGTAGCCCATATAAGAAAC,58
GATGGTGCTTTCCTGGTTCATAAGATATGGCCGCAACCCCCATATAAGAAACCGATGAAACCCACTAGCTTATGCTGAGATCGGAAGAGCG,58
CTGTACGACCTCCTTCACCAGGGTCTCATCGGCCCATATAAGAAAACTCGAGCCTGAAAGCGACATCCCGGAGATCGGAAGAGCGTCGTGT,58
GGGGGGGGGGGGGGGGGGGGGGGGGGGGGNGGGGGGGGGGGGGGGGGGGGGGGGGGGGGGGGGGGGNGGGGGGGGGNGGGGGGGGGGGGGG,58
GGCTTCCGGTGCTGCAGGGAGGCGTCGTGTAGCCCATATAAGAAATGGTACGTCGAGTCGTAACTAGGTGGAGATCGGAAGAGCGTCGTGT,57
CATGTCTACGAGCCCATATAAGAAAGTTATTAGGAACAAGCTACAGTACGGAGATCGGAAGAGCGCCCATATAAGAAAGCGACCTCGCCAA,55
CCTCTATGTCTGCTTTCTGGAGCTTGCAGCACCTGAGTTTCGCGTATGGTCACCCACTACACTACTCGGTCAGGCTCTTACCAGCTTAACT,55
GGGCTTCATCATCAGCAGGACCAGTGTACTAACCACTATACTAAGATGGCCCCCATATAAGAAAGAGGGAAAGCGTCGGTGTGAGCCGTCA,55
ACATGTCTACGTTAAGCCCATATAAGAAAAATCGAACATCCCATATAAGAAAGGATGTTCGAGGTCTGTCTAATGTAGAGATCGGAAGAGC,55
GATCGGAAGAGCGTCGTGTAGGGAAAGAGTGTTTATTGCCTAGTGTAGATCTCGGTGGTCGCCGTATCATTAAAAAACGGGGGGGGGGGGG,53
AGCTCCTGGTTGTTGCTTTCTGCGTAGATATGGCCGCAACCCCCATATAAGAAATTAGAAAGCATGATCTGGACGAATGGAGATCGGAAGA,53
CATGGGGGGGGGGGGGGGGGGGGGGGGGGGGGGGGGGGGGGGGGGGGGGGGGGGGGGGGGGGGGGGGGGGGGGGGGGGGGGGGGGGGGGGG,52
AGAGGTCCCTCCCGGTACGAAGGATCAGAACCGAAAGTGATAACCACTACACTATAGGACCCCCATATAAGAAATGATTAAAGATAGTGAC,51
TGGGGGGGGGGGGGGGGGGGGGGGGGGGGGGGGGGGGGGGGGGGGGGGGGGGGGGGGGGGGGGGGGGGGGGGGGGGGGGGGGGGGGGGGGG,51
AGATTGAGAACCCGGGCCACCTCATGCTTGGGAAGCATGAATTCTAACCACTGAACCACTTTCGCCCCATATAAGAAATTGAAGTTGTGAT,50
ACTCCCGCGCCTCCTCAGCAAGCCTTAGACCACTCGGCCCCCATATAAGAAAAAGAAGGTACTCGGGCATGACGCCCAAGATCGGAAGAGC,50
CATGTCCTACGTTAAGCCCATATAAGAAAATCAATGAATTAAGAGCCTAGGACTGAGATCGGAAGAGCGTCGTGTAGGGAAAGAGTGTTTA,50
TCCGCGGGAAGCGGTGCACCTTGATAGATATGGCCGCAACCCCCATATAAGAAACGACAAAGGGTGTTTAGCTTGAGATAAGATCGGAAGA,49
CCGGTTCTCTTCCTTGTCCATCTCCTAGAATCGAACCAGGGTTTCATCGGCCCATATAAGAAAACTGCCTGGAGGGAACCCTCTTATTCAG,49
ACATGTCTACGTTAAGCCCATATAAGAAAGGTGCTCGGATCCCATATAAGAAACGGATCCGAGTTGCTATTGTAGCTGTAGATCGGAAGAG,49
AACTTCCCACCACAGCGTGTGCCCTCTGTGGGAAATGAACCCACGATCCCCGCATTACGAATGCGATGCCTTCCCATATAAGAAAGTGACC,49
CATGTCCTACGTTAAGCCCATATAAGAAAATGCAGCACCCCCATATAAGAAAGAACGCTATCCTCCCTCACAGCTCCGAGATCGGAAGAGC,48
CATCTCAGGGAAGAGACTCAGGGTTTCATCGGCCACAACGATGTGTACTAACCACTATACTAAGATGGCCCCCATATAAGAAAGGCGAGTA,48
GAACTTTGCCTTCTTGCCCCAGCTTCATTGAATTTCTTCACTTTGACCCCATATAAGAAATGGCTGTACGTCGGTTAGACCTCACTAGATC,48
AATCCACTGTTGACTCCAAACCTGTCGATTACAAAACGAATGCTCTCCATATAAGAAATGTTGCCATGTCTAACACTGGCTCGTAGATCGG,48
CATGTCTAACGTTAAGCCCATATAAGAAAAAGTGTAGATCCCATATAAGAAAGGATCTACACTTGGTTGGAACCCGACAGATCGGAAGAGC,48
CATGTCTACGGTTAAGCCCATATAAGAAAAATCCCACAAGCCATATAAGAAATGGCTTGTGTAGTCAGGGACCCGATGAGATCGGAAGAGC,47
TTATCCGAGGTGTCTGGGCTGGAGTTGAACCAAGCATGGGTTGCTTAAAAGACAACTGTTTTACCATTAAACAATATTCTCCCCATATAAG,47
TCCATGGCCTTCACCCAGCGGCCCTCTCGCACCCAAAGCGAGAATCCCCATATAAGAAAACTGGGAGCTGGCGATAGAAAGCAGCAGATCG,47
GGGGGGGGGGGGGGGGNGGGGGGGGGGGGGGGGGGGGGGGGGGGGGGGGGGGGGGGNGGGGGGGGGGGGGGGGGGGGGGGGGGGGGGGGGG,47
GATCGGAAGAGCGTCGTGTAGGGAAAGAGTGTTTATTGCCTAGTGTATATCTCGGTGGTCGCCGTATCATTAAAAAAGGGGGGGGGGGGGG,46
ACATGTCTACGTTAAGCCCATATAAGAAAGATCGCAGCGTACTTCATGATCGGCCAGATCGGATCGGCCAGATCGGAAGAGCGTCGTGTAG,46
AGACAGCAAAGAGGACCTCCTGCTCCCCAAGCGAGAATCATACCTCTAGACCACACGCCCCCCATATAAGAAACTATATGAAGCAGTATGA,45
CATGTCTACCGTTAAGCCCATATAAGAAAACTAAATTTTAAGCCCGAACCAGTTACAGATCGGAAGAGCGTCGTGTAGGGAAAGAGTGTTT,45
TGGGATAGATGAGCAGCAATCCTGTGTTTCGCGTATGGTCACCCACTACACTACTCCCCATATAAGAAATGGTACTCAATTGACTTTGAGG,45
GCTGCGCTTTCCCATATAAGAAAACTCGAAAAATAGGTTTCTCATATAAGAAAGCGCAGCTCATAGGTTTCTAGCTCTAAGATCGGAAGAG,45
CAATGTCTACGTTAAGCCCATATAAGAAAGTCCTCTGTTTGTGCCACTCCCATATAAGAAAATGGGAGTCCTGTGCCACTGTGGATGAGAT,45
CGTGCTAGGCCATCGTGGATGAGGGCAGTNTTCAGAACCTCTTGTAAAGCAGTATTAACGTCCATTACACCTCCAGCAGCAATGCCTTCCT,45
CATGCTACGTTAAGCCCATATAAGAAAAGGTTAAGAACTCCACAACCTACCGGAGATCGGAAGAGCGTCGTGTAGGGAAAGAGTGTTTATT,44
GTCCTTCCCTTTTGTCACCCACTCCACTACTCGGTCAGGCTCTTACCAGCTTAACTACAGTTGATCGGACGGGAAACGGTGCTTTCTGGTA,44
AGCACCAGGCCCGTTTCCAGCACCTGAGTTTCGCGTATGGTCACCCACTACACTACTCGGTCAGGCTCTTACCAGCTTACTACAGTTGATC,44
CATGTCTAGTTAAGCCCATATAAGAAAGTAGGCGCAGCATTTCTGACCAGCCAAGATCGGCCAGCCAAGATCGGAAGAGCGTCGTGTAGGG,44
CATGTCTACGGTTAAGCCCATATAAGAAAACCGAAGTAATCATTACACCCCATATAAGAAAAACGGTGTAATCATTACACCTTATTCAGAT,44
CATGTCTAACGTTAAGCCCATATAAGAAAACACAAGAACCCATATAAGAAAGGGTTCTTGTGATTGCATGTACATGCAGATCGGAAGAGCG,44
GGGGGCGGGGGGGGGGGGGGGGGGGGGGGGGGGGGGGGGGGGGGGGGGGGGGGGGGGGGGGGGGGGGGGGGGGGGGGGGGGGGGGGGGGGG,44
CATGTCTACGTAAGCCCATATAAGAAAGAAGACGAGGACCCATATAAGAAAGGTCCTCGTCAGCTGGGCTTGATCTGAGATCGGAAGAGCG,43
CAGTCTACGTTAAGCCCATATAAGAAAGATGTAACCCGCCCCATATAAGAAAATGAGGCTGCGCGGAACGCTGGCATTTAGATCGGAAGAG,43
CATGACATACAGCTCGGCCAGACCCTCCCCCATATAAGAAAGCAACACGCTCATATTGCTTCGCAGCAGATCGGAAGAGCGTCGTGTAGGG,43
AACATGGATCTCAGGCACCTGGCCCATATAAGAAACCCGAGCCCATATAAGAAATGGGCTCGGGACGGATTTGTTAGCTGAGATCGGAAGA,43
TCCAGATCGTCCCTGAGATTTCGCTTATGGTCACCCACTACACTACTCGGTCAGGCTCTTACCAGCTTCCCATATAAGAAATAGTATAAGT,43
CGGAGATCGGAAGAGCGTCGTGTAGGGAAAGAGTGTTTATTGCCTAGTGTATATCTCGGTGGTCGCCGTATCATTAAAAAAGGGGGGGGGG,43
GTTATAGACTCGGCCACTGGCGGGACCCCATATAAGAAAATGACACTTCCATGGCGACCTGAGTTAGATCGGAAGAGCGTCGTGTAGGGAA,43
